[
  {
    "Feature_ID": "F-001",
    "Feature_Name": "LLM-Enhanced Extraction",
    "Agent_Type": "Platform (All Agents)",
    "Category": "Platform Improvements",
    "Quarter_Planned": "Q4 2025",
    "Replicability_Score": 5.0,
    "Primary_Client": "Multiple",
    "Additional_Clients": "0",
    "Platform_vs_Custom": "Platform Enhancement",
    "ARR_Amount": 0,
    "Revenue_Type": "",
    "Contract_Status": "",
    "Pipeline_Stage": "",
    "Conversion_Probability": 0,
    "Current_Status": "",
    "Completion_Percent": 0,
    "Target_Completion_Date": "",
    "Effort_Estimate_Weeks": 1,
    "Revenue_at_Risk": "",
    "Priority_Score": 0,
    "Engineering_Notes": "",
    "Management_Notes": "",
    "Client_Count": 1,
    "Deal_Close_Date": "",
    "Days_to_Close": 0,
    "Multi_Client_Benefit": "",
    "Effort_T_Shirt_Size": "",
    "Engineering_Complexity": "",
    "Dependencies": "",
    "Team_Required": "",
    "Priority_Tier": "Tier 4: Backlog",
    "Revenue_Impact_Type": "Neutral (Internal/Platform)",
    "Weighted_ARR": 0.0,
    "Assigned_To": "",
    "Sprint_Assignment": "",
    "JIRA_Ticket_Count": 0,
    "Created_Date": "",
    "Target_Start_Date": "",
    "Sales_Notes": "10",
    "Manual_Override": "",
    "Manual_Override_Score": 0
  },
  {
    "Feature_ID": "F-002",
    "Feature_Name": "Client Agent Interaction Enhancements",
    "Agent_Type": "Platform (All Agents)",
    "Category": "Platform Improvements",
    "Quarter_Planned": "Q4 2025",
    "Replicability_Score": 5.0,
    "Primary_Client": "Multiple",
    "Additional_Clients": "0",
    "Platform_vs_Custom": "Platform Enhancement",
    "ARR_Amount": 0,
    "Revenue_Type": "",
    "Contract_Status": "",
    "Pipeline_Stage": "",
    "Conversion_Probability": 0,
    "Current_Status": "",
    "Completion_Percent": 0,
    "Target_Completion_Date": "",
    "Effort_Estimate_Weeks": 1,
    "Revenue_at_Risk": "",
    "Priority_Score": 0,
    "Engineering_Notes": "",
    "Management_Notes": "",
    "Client_Count": 1,
    "Deal_Close_Date": "",
    "Days_to_Close": 0,
    "Multi_Client_Benefit": "",
    "Effort_T_Shirt_Size": "",
    "Engineering_Complexity": "",
    "Dependencies": "",
    "Team_Required": "",
    "Priority_Tier": "Tier 4: Backlog",
    "Revenue_Impact_Type": "Neutral (Internal/Platform)",
    "Weighted_ARR": 0.0,
    "Assigned_To": "",
    "Sprint_Assignment": "",
    "JIRA_Ticket_Count": 0,
    "Created_Date": "",
    "Target_Start_Date": "",
    "Sales_Notes": "1",
    "Manual_Override": "",
    "Manual_Override_Score": 0
  },
  {
    "Feature_ID": "F-003",
    "Feature_Name": "DeepSee Service Fabric Internal Enhancements",
    "Agent_Type": "Platform (All Agents)",
    "Category": "Core Infrastructure",
    "Quarter_Planned": "Q4 2025",
    "Replicability_Score": 5.0,
    "Primary_Client": "Internal",
    "Additional_Clients": "0",
    "Platform_vs_Custom": "Platform Enhancement",
    "ARR_Amount": 0,
    "Revenue_Type": "",
    "Contract_Status": "",
    "Pipeline_Stage": "",
    "Conversion_Probability": 0,
    "Current_Status": "",
    "Completion_Percent": 0,
    "Target_Completion_Date": "",
    "Effort_Estimate_Weeks": 1,
    "Revenue_at_Risk": "",
    "Priority_Score": 0,
    "Engineering_Notes": "",
    "Management_Notes": "",
    "Client_Count": 2,
    "Deal_Close_Date": "",
    "Days_to_Close": 0,
    "Multi_Client_Benefit": "",
    "Effort_T_Shirt_Size": "",
    "Engineering_Complexity": "",
    "Dependencies": "",
    "Team_Required": "",
    "Priority_Tier": "Tier 4: Backlog",
    "Revenue_Impact_Type": "Neutral (Internal/Platform)",
    "Weighted_ARR": 0.0,
    "Assigned_To": "",
    "Sprint_Assignment": "",
    "JIRA_Ticket_Count": 0,
    "Created_Date": "",
    "Target_Start_Date": "",
    "Sales_Notes": "5",
    "Manual_Override": "",
    "Manual_Override_Score": 0
  },
  {
    "Feature_ID": "F-004",
    "Feature_Name": "Retention Prediction UI",
    "Agent_Type": "Platform (Analytics)",
    "Category": "Platform Improvements",
    "Quarter_Planned": "Q4 2025",
    "Replicability_Score": 5.0,
    "Primary_Client": "Multiple",
    "Additional_Clients": "0",
    "Platform_vs_Custom": "Platform Enhancement",
    "ARR_Amount": 0,
    "Revenue_Type": "",
    "Contract_Status": "",
    "Pipeline_Stage": "",
    "Conversion_Probability": 0,
    "Current_Status": "",
    "Completion_Percent": 0,
    "Target_Completion_Date": "",
    "Effort_Estimate_Weeks": 1,
    "Revenue_at_Risk": "",
    "Priority_Score": 0,
    "Engineering_Notes": "",
    "Management_Notes": "",
    "Client_Count": 1,
    "Deal_Close_Date": "",
    "Days_to_Close": 0,
    "Multi_Client_Benefit": "",
    "Effort_T_Shirt_Size": "",
    "Engineering_Complexity": "",
    "Dependencies": "",
    "Team_Required": "",
    "Priority_Tier": "Tier 4: Backlog",
    "Revenue_Impact_Type": "Neutral (Internal/Platform)",
    "Weighted_ARR": 0.0,
    "Assigned_To": "",
    "Sprint_Assignment": "",
    "JIRA_Ticket_Count": 0,
    "Created_Date": "",
    "Target_Start_Date": "",
    "Sales_Notes": "1",
    "Manual_Override": "",
    "Manual_Override_Score": 0
  },
  {
    "Feature_ID": "F-005",
    "Feature_Name": "Double-click to view dashboard messages",
    "Agent_Type": "Platform (Analytics)",
    "Category": "Platform Improvements",
    "Quarter_Planned": "Q4 2025",
    "Replicability_Score": 5.0,
    "Primary_Client": "Multiple",
    "Additional_Clients": "0",
    "Platform_vs_Custom": "Platform Enhancement",
    "ARR_Amount": 0,
    "Revenue_Type": "",
    "Contract_Status": "",
    "Pipeline_Stage": "",
    "Conversion_Probability": 0,
    "Current_Status": "",
    "Completion_Percent": 0,
    "Target_Completion_Date": "",
    "Effort_Estimate_Weeks": 1,
    "Revenue_at_Risk": "",
    "Priority_Score": 0,
    "Engineering_Notes": "",
    "Management_Notes": "",
    "Client_Count": 1,
    "Deal_Close_Date": "",
    "Days_to_Close": 0,
    "Multi_Client_Benefit": "",
    "Effort_T_Shirt_Size": "",
    "Engineering_Complexity": "",
    "Dependencies": "",
    "Team_Required": "",
    "Priority_Tier": "Tier 4: Backlog",
    "Revenue_Impact_Type": "Neutral (Internal/Platform)",
    "Weighted_ARR": 0.0,
    "Assigned_To": "",
    "Sprint_Assignment": "",
    "JIRA_Ticket_Count": 0,
    "Created_Date": "",
    "Target_Start_Date": "",
    "Sales_Notes": "1",
    "Manual_Override": "",
    "Manual_Override_Score": 0
  },
  {
    "Feature_ID": "F-006",
    "Feature_Name": "Simplified Agentic UI Design",
    "Agent_Type": "Platform (All Agents)",
    "Category": "Platform Improvements",
    "Quarter_Planned": "Q4 2025",
    "Replicability_Score": 5.0,
    "Primary_Client": "Multiple",
    "Additional_Clients": "0",
    "Platform_vs_Custom": "Platform Enhancement",
    "ARR_Amount": 0,
    "Revenue_Type": "",
    "Contract_Status": "",
    "Pipeline_Stage": "",
    "Conversion_Probability": 0,
    "Current_Status": "",
    "Completion_Percent": 0,
    "Target_Completion_Date": "",
    "Effort_Estimate_Weeks": 1,
    "Revenue_at_Risk": "",
    "Priority_Score": 0,
    "Engineering_Notes": "",
    "Management_Notes": "",
    "Client_Count": 1,
    "Deal_Close_Date": "",
    "Days_to_Close": 0,
    "Multi_Client_Benefit": "",
    "Effort_T_Shirt_Size": "",
    "Engineering_Complexity": "",
    "Dependencies": "",
    "Team_Required": "",
    "Priority_Tier": "Tier 4: Backlog",
    "Revenue_Impact_Type": "Neutral (Internal/Platform)",
    "Weighted_ARR": 0.0,
    "Assigned_To": "",
    "Sprint_Assignment": "",
    "JIRA_Ticket_Count": 0,
    "Created_Date": "",
    "Target_Start_Date": "",
    "Sales_Notes": "2",
    "Manual_Override": "",
    "Manual_Override_Score": 0
  },
  {
    "Feature_ID": "F-007",
    "Feature_Name": "Matching Engine UI",
    "Agent_Type": "Matching Engine",
    "Category": "Platform Improvements",
    "Quarter_Planned": "Q4 2025",
    "Replicability_Score": 4.0,
    "Primary_Client": "Multiple",
    "Additional_Clients": "0",
    "Platform_vs_Custom": "Platform Enhancement",
    "ARR_Amount": 0,
    "Revenue_Type": "",
    "Contract_Status": "",
    "Pipeline_Stage": "",
    "Conversion_Probability": 0,
    "Current_Status": "",
    "Completion_Percent": 0,
    "Target_Completion_Date": "",
    "Effort_Estimate_Weeks": 1,
    "Revenue_at_Risk": "",
    "Priority_Score": 0,
    "Engineering_Notes": "",
    "Management_Notes": "",
    "Client_Count": 1,
    "Deal_Close_Date": "",
    "Days_to_Close": 0,
    "Multi_Client_Benefit": "",
    "Effort_T_Shirt_Size": "",
    "Engineering_Complexity": "",
    "Dependencies": "",
    "Team_Required": "",
    "Priority_Tier": "Tier 4: Backlog",
    "Revenue_Impact_Type": "Neutral (Internal/Platform)",
    "Weighted_ARR": 0.0,
    "Assigned_To": "",
    "Sprint_Assignment": "",
    "JIRA_Ticket_Count": 0,
    "Created_Date": "",
    "Target_Start_Date": "",
    "Sales_Notes": "1",
    "Manual_Override": "",
    "Manual_Override_Score": 0
  },
  {
    "Feature_ID": "F-008",
    "Feature_Name": "Information Graph Enhanced Infrastructure",
    "Agent_Type": "Platform (All Agents)",
    "Category": "Core Infrastructure",
    "Quarter_Planned": "Q1 2026",
    "Replicability_Score": 5.0,
    "Primary_Client": "Multiple",
    "Additional_Clients": "0",
    "Platform_vs_Custom": "Platform Enhancement",
    "ARR_Amount": 0,
    "Revenue_Type": "",
    "Contract_Status": "",
    "Pipeline_Stage": "",
    "Conversion_Probability": 0,
    "Current_Status": "",
    "Completion_Percent": 0,
    "Target_Completion_Date": "",
    "Effort_Estimate_Weeks": 1,
    "Revenue_at_Risk": "",
    "Priority_Score": 0,
    "Engineering_Notes": "",
    "Management_Notes": "",
    "Client_Count": 1,
    "Deal_Close_Date": "",
    "Days_to_Close": 0,
    "Multi_Client_Benefit": "",
    "Effort_T_Shirt_Size": "",
    "Engineering_Complexity": "",
    "Dependencies": "",
    "Team_Required": "",
    "Priority_Tier": "Tier 4: Backlog",
    "Revenue_Impact_Type": "Neutral (Internal/Platform)",
    "Weighted_ARR": 0.0,
    "Assigned_To": "",
    "Sprint_Assignment": "",
    "JIRA_Ticket_Count": 0,
    "Created_Date": "",
    "Target_Start_Date": "",
    "Sales_Notes": "5",
    "Manual_Override": "",
    "Manual_Override_Score": 0
  },
  {
    "Feature_ID": "F-009",
    "Feature_Name": "Enhanced Agent Outcome Reasoning and Planning",
    "Agent_Type": "Platform (All Agents)",
    "Category": "Platform Improvements",
    "Quarter_Planned": "Q1 2026",
    "Replicability_Score": 5.0,
    "Primary_Client": "Multiple",
    "Additional_Clients": "0",
    "Platform_vs_Custom": "Platform Enhancement",
    "ARR_Amount": 0,
    "Revenue_Type": "",
    "Contract_Status": "",
    "Pipeline_Stage": "",
    "Conversion_Probability": 0,
    "Current_Status": "",
    "Completion_Percent": 0,
    "Target_Completion_Date": "",
    "Effort_Estimate_Weeks": 1,
    "Revenue_at_Risk": "",
    "Priority_Score": 0,
    "Engineering_Notes": "",
    "Management_Notes": "",
    "Client_Count": 1,
    "Deal_Close_Date": "",
    "Days_to_Close": 0,
    "Multi_Client_Benefit": "",
    "Effort_T_Shirt_Size": "",
    "Engineering_Complexity": "",
    "Dependencies": "",
    "Team_Required": "",
    "Priority_Tier": "Tier 4: Backlog",
    "Revenue_Impact_Type": "Neutral (Internal/Platform)",
    "Weighted_ARR": 0.0,
    "Assigned_To": "",
    "Sprint_Assignment": "",
    "JIRA_Ticket_Count": 0,
    "Created_Date": "",
    "Target_Start_Date": "",
    "Sales_Notes": "6",
    "Manual_Override": "",
    "Manual_Override_Score": 0
  },
  {
    "Feature_ID": "F-010",
    "Feature_Name": "Inference / Training speed improvements",
    "Agent_Type": "Platform (All Agents)",
    "Category": "Core Infrastructure",
    "Quarter_Planned": "Q1 2026",
    "Replicability_Score": 5.0,
    "Primary_Client": "Multiple",
    "Additional_Clients": "0",
    "Platform_vs_Custom": "Platform Enhancement",
    "ARR_Amount": 0,
    "Revenue_Type": "",
    "Contract_Status": "",
    "Pipeline_Stage": "",
    "Conversion_Probability": 0,
    "Current_Status": "",
    "Completion_Percent": 0,
    "Target_Completion_Date": "",
    "Effort_Estimate_Weeks": 1,
    "Revenue_at_Risk": "",
    "Priority_Score": 0,
    "Engineering_Notes": "",
    "Management_Notes": "",
    "Client_Count": 1,
    "Deal_Close_Date": "",
    "Days_to_Close": 0,
    "Multi_Client_Benefit": "",
    "Effort_T_Shirt_Size": "",
    "Engineering_Complexity": "",
    "Dependencies": "",
    "Team_Required": "",
    "Priority_Tier": "Tier 4: Backlog",
    "Revenue_Impact_Type": "Neutral (Internal/Platform)",
    "Weighted_ARR": 0.0,
    "Assigned_To": "",
    "Sprint_Assignment": "",
    "JIRA_Ticket_Count": 0,
    "Created_Date": "",
    "Target_Start_Date": "",
    "Sales_Notes": "3",
    "Manual_Override": "",
    "Manual_Override_Score": 0
  },
  {
    "Feature_ID": "F-011",
    "Feature_Name": "Activity Tracing Across Agents",
    "Agent_Type": "Platform (Analytics)",
    "Category": "Platform Improvements",
    "Quarter_Planned": "Q1 2026",
    "Replicability_Score": 5.0,
    "Primary_Client": "Multiple",
    "Additional_Clients": "0",
    "Platform_vs_Custom": "Platform Enhancement",
    "ARR_Amount": 0,
    "Revenue_Type": "",
    "Contract_Status": "",
    "Pipeline_Stage": "",
    "Conversion_Probability": 0,
    "Current_Status": "",
    "Completion_Percent": 0,
    "Target_Completion_Date": "",
    "Effort_Estimate_Weeks": 1,
    "Revenue_at_Risk": "",
    "Priority_Score": 0,
    "Engineering_Notes": "",
    "Management_Notes": "",
    "Client_Count": 1,
    "Deal_Close_Date": "",
    "Days_to_Close": 0,
    "Multi_Client_Benefit": "",
    "Effort_T_Shirt_Size": "",
    "Engineering_Complexity": "",
    "Dependencies": "",
    "Team_Required": "",
    "Priority_Tier": "Tier 4: Backlog",
    "Revenue_Impact_Type": "Neutral (Internal/Platform)",
    "Weighted_ARR": 0.0,
    "Assigned_To": "",
    "Sprint_Assignment": "",
    "JIRA_Ticket_Count": 0,
    "Created_Date": "",
    "Target_Start_Date": "",
    "Sales_Notes": "1",
    "Manual_Override": "",
    "Manual_Override_Score": 0
  },
  {
    "Feature_ID": "F-012",
    "Feature_Name": "Exception Prediction",
    "Agent_Type": "Platform (Analytics)",
    "Category": "Platform Improvements",
    "Quarter_Planned": "Q1 2026",
    "Replicability_Score": 5.0,
    "Primary_Client": "Multiple",
    "Additional_Clients": "0",
    "Platform_vs_Custom": "Platform Enhancement",
    "ARR_Amount": 0,
    "Revenue_Type": "",
    "Contract_Status": "",
    "Pipeline_Stage": "",
    "Conversion_Probability": 0,
    "Current_Status": "",
    "Completion_Percent": 0,
    "Target_Completion_Date": "",
    "Effort_Estimate_Weeks": 1,
    "Revenue_at_Risk": "",
    "Priority_Score": 0,
    "Engineering_Notes": "",
    "Management_Notes": "",
    "Client_Count": 1,
    "Deal_Close_Date": "",
    "Days_to_Close": 0,
    "Multi_Client_Benefit": "",
    "Effort_T_Shirt_Size": "",
    "Engineering_Complexity": "",
    "Dependencies": "",
    "Team_Required": "",
    "Priority_Tier": "Tier 4: Backlog",
    "Revenue_Impact_Type": "Neutral (Internal/Platform)",
    "Weighted_ARR": 0.0,
    "Assigned_To": "",
    "Sprint_Assignment": "",
    "JIRA_Ticket_Count": 0,
    "Created_Date": "",
    "Target_Start_Date": "",
    "Sales_Notes": "1",
    "Manual_Override": "",
    "Manual_Override_Score": 0
  },
  {
    "Feature_ID": "F-013",
    "Feature_Name": "Simplified Agentic UI Implementation",
    "Agent_Type": "Platform (All Agents)",
    "Category": "Platform Improvements",
    "Quarter_Planned": "Q1 2026",
    "Replicability_Score": 5.0,
    "Primary_Client": "Multiple",
    "Additional_Clients": "0",
    "Platform_vs_Custom": "Platform Enhancement",
    "ARR_Amount": 0,
    "Revenue_Type": "",
    "Contract_Status": "",
    "Pipeline_Stage": "",
    "Conversion_Probability": 0,
    "Current_Status": "",
    "Completion_Percent": 0,
    "Target_Completion_Date": "",
    "Effort_Estimate_Weeks": 1,
    "Revenue_at_Risk": "",
    "Priority_Score": 0,
    "Engineering_Notes": "",
    "Management_Notes": "",
    "Client_Count": 1,
    "Deal_Close_Date": "",
    "Days_to_Close": 0,
    "Multi_Client_Benefit": "",
    "Effort_T_Shirt_Size": "",
    "Engineering_Complexity": "",
    "Dependencies": "",
    "Team_Required": "",
    "Priority_Tier": "Tier 4: Backlog",
    "Revenue_Impact_Type": "Neutral (Internal/Platform)",
    "Weighted_ARR": 0.0,
    "Assigned_To": "",
    "Sprint_Assignment": "",
    "JIRA_Ticket_Count": 0,
    "Created_Date": "",
    "Target_Start_Date": "",
    "Sales_Notes": "1",
    "Manual_Override": "",
    "Manual_Override_Score": 0
  },
  {
    "Feature_ID": "F-014",
    "Feature_Name": "Information Graph UI Design",
    "Agent_Type": "Platform (Analytics)",
    "Category": "Platform Improvements",
    "Quarter_Planned": "Q1 2026",
    "Replicability_Score": 5.0,
    "Primary_Client": "Multiple",
    "Additional_Clients": "0",
    "Platform_vs_Custom": "Platform Enhancement",
    "ARR_Amount": 0,
    "Revenue_Type": "",
    "Contract_Status": "",
    "Pipeline_Stage": "",
    "Conversion_Probability": 0,
    "Current_Status": "",
    "Completion_Percent": 0,
    "Target_Completion_Date": "",
    "Effort_Estimate_Weeks": 1,
    "Revenue_at_Risk": "",
    "Priority_Score": 0,
    "Engineering_Notes": "",
    "Management_Notes": "",
    "Client_Count": 1,
    "Deal_Close_Date": "",
    "Days_to_Close": 0,
    "Multi_Client_Benefit": "",
    "Effort_T_Shirt_Size": "",
    "Engineering_Complexity": "",
    "Dependencies": "",
    "Team_Required": "",
    "Priority_Tier": "Tier 4: Backlog",
    "Revenue_Impact_Type": "Neutral (Internal/Platform)",
    "Weighted_ARR": 0.0,
    "Assigned_To": "",
    "Sprint_Assignment": "",
    "JIRA_Ticket_Count": 0,
    "Created_Date": "",
    "Target_Start_Date": "",
    "Sales_Notes": "1",
    "Manual_Override": "",
    "Manual_Override_Score": 0
  },
  {
    "Feature_ID": "F-015",
    "Feature_Name": "MCP Integration with 3rd Party Agents",
    "Agent_Type": "Platform (All Agents)",
    "Category": "API Development",
    "Quarter_Planned": "Q2 2026",
    "Replicability_Score": 5.0,
    "Primary_Client": "Multiple",
    "Additional_Clients": "0",
    "Platform_vs_Custom": "Platform Enhancement",
    "ARR_Amount": 0,
    "Revenue_Type": "",
    "Contract_Status": "",
    "Pipeline_Stage": "",
    "Conversion_Probability": 0,
    "Current_Status": "",
    "Completion_Percent": 0,
    "Target_Completion_Date": "",
    "Effort_Estimate_Weeks": 1,
    "Revenue_at_Risk": "",
    "Priority_Score": 0,
    "Engineering_Notes": "",
    "Management_Notes": "",
    "Client_Count": 1,
    "Deal_Close_Date": "",
    "Days_to_Close": 0,
    "Multi_Client_Benefit": "",
    "Effort_T_Shirt_Size": "",
    "Engineering_Complexity": "",
    "Dependencies": "",
    "Team_Required": "",
    "Priority_Tier": "Tier 4: Backlog",
    "Revenue_Impact_Type": "Neutral (Internal/Platform)",
    "Weighted_ARR": 0.0,
    "Assigned_To": "",
    "Sprint_Assignment": "",
    "JIRA_Ticket_Count": 0,
    "Created_Date": "",
    "Target_Start_Date": "",
    "Sales_Notes": "2",
    "Manual_Override": "",
    "Manual_Override_Score": 0
  },
  {
    "Feature_ID": "F-016",
    "Feature_Name": "Enhanced Integration with 3rd Party Applications - Outlook & Ops Console",
    "Agent_Type": "Email Automation",
    "Category": "API Development",
    "Quarter_Planned": "Q2 2026",
    "Replicability_Score": 4.0,
    "Primary_Client": "Multiple",
    "Additional_Clients": "0",
    "Platform_vs_Custom": "Platform Enhancement",
    "ARR_Amount": 0,
    "Revenue_Type": "",
    "Contract_Status": "",
    "Pipeline_Stage": "",
    "Conversion_Probability": 0,
    "Current_Status": "",
    "Completion_Percent": 0,
    "Target_Completion_Date": "",
    "Effort_Estimate_Weeks": 1,
    "Revenue_at_Risk": "",
    "Priority_Score": 0,
    "Engineering_Notes": "",
    "Management_Notes": "",
    "Client_Count": 1,
    "Deal_Close_Date": "",
    "Days_to_Close": 0,
    "Multi_Client_Benefit": "",
    "Effort_T_Shirt_Size": "",
    "Engineering_Complexity": "",
    "Dependencies": "",
    "Team_Required": "",
    "Priority_Tier": "Tier 4: Backlog",
    "Revenue_Impact_Type": "Neutral (Internal/Platform)",
    "Weighted_ARR": 0.0,
    "Assigned_To": "",
    "Sprint_Assignment": "",
    "JIRA_Ticket_Count": 0,
    "Created_Date": "",
    "Target_Start_Date": "",
    "Sales_Notes": "2",
    "Manual_Override": "",
    "Manual_Override_Score": 0
  },
  {
    "Feature_ID": "F-017",
    "Feature_Name": "User configurable dashboards",
    "Agent_Type": "Platform (Analytics)",
    "Category": "Platform Improvements",
    "Quarter_Planned": "Q2 2026",
    "Replicability_Score": 5.0,
    "Primary_Client": "Multiple",
    "Additional_Clients": "0",
    "Platform_vs_Custom": "Platform Enhancement",
    "ARR_Amount": 0,
    "Revenue_Type": "",
    "Contract_Status": "",
    "Pipeline_Stage": "",
    "Conversion_Probability": 0,
    "Current_Status": "",
    "Completion_Percent": 0,
    "Target_Completion_Date": "",
    "Effort_Estimate_Weeks": 1,
    "Revenue_at_Risk": "",
    "Priority_Score": 0,
    "Engineering_Notes": "",
    "Management_Notes": "",
    "Client_Count": 1,
    "Deal_Close_Date": "",
    "Days_to_Close": 0,
    "Multi_Client_Benefit": "",
    "Effort_T_Shirt_Size": "",
    "Engineering_Complexity": "",
    "Dependencies": "",
    "Team_Required": "",
    "Priority_Tier": "Tier 4: Backlog",
    "Revenue_Impact_Type": "Neutral (Internal/Platform)",
    "Weighted_ARR": 0.0,
    "Assigned_To": "",
    "Sprint_Assignment": "",
    "JIRA_Ticket_Count": 0,
    "Created_Date": "",
    "Target_Start_Date": "",
    "Sales_Notes": "1",
    "Manual_Override": "",
    "Manual_Override_Score": 0
  },
  {
    "Feature_ID": "F-018",
    "Feature_Name": "Process Mapping and Optimization Opportunities",
    "Agent_Type": "Platform (Analytics)",
    "Category": "Platform Improvements",
    "Quarter_Planned": "Q2 2026",
    "Replicability_Score": 5.0,
    "Primary_Client": "Multiple",
    "Additional_Clients": "0",
    "Platform_vs_Custom": "Platform Enhancement",
    "ARR_Amount": 0,
    "Revenue_Type": "",
    "Contract_Status": "",
    "Pipeline_Stage": "",
    "Conversion_Probability": 0,
    "Current_Status": "",
    "Completion_Percent": 0,
    "Target_Completion_Date": "",
    "Effort_Estimate_Weeks": 1,
    "Revenue_at_Risk": "",
    "Priority_Score": 0,
    "Engineering_Notes": "",
    "Management_Notes": "",
    "Client_Count": 1,
    "Deal_Close_Date": "",
    "Days_to_Close": 0,
    "Multi_Client_Benefit": "",
    "Effort_T_Shirt_Size": "",
    "Engineering_Complexity": "",
    "Dependencies": "",
    "Team_Required": "",
    "Priority_Tier": "Tier 4: Backlog",
    "Revenue_Impact_Type": "Neutral (Internal/Platform)",
    "Weighted_ARR": 0.0,
    "Assigned_To": "",
    "Sprint_Assignment": "",
    "JIRA_Ticket_Count": 0,
    "Created_Date": "",
    "Target_Start_Date": "",
    "Sales_Notes": "2",
    "Manual_Override": "",
    "Manual_Override_Score": 0
  },
  {
    "Feature_ID": "F-019",
    "Feature_Name": "Information Graph UI Implementation",
    "Agent_Type": "Platform (Analytics)",
    "Category": "Platform Improvements",
    "Quarter_Planned": "Q2 2026",
    "Replicability_Score": 5.0,
    "Primary_Client": "Multiple",
    "Additional_Clients": "0",
    "Platform_vs_Custom": "Platform Enhancement",
    "ARR_Amount": 0,
    "Revenue_Type": "",
    "Contract_Status": "",
    "Pipeline_Stage": "",
    "Conversion_Probability": 0,
    "Current_Status": "",
    "Completion_Percent": 0,
    "Target_Completion_Date": "",
    "Effort_Estimate_Weeks": 1,
    "Revenue_at_Risk": "",
    "Priority_Score": 0,
    "Engineering_Notes": "",
    "Management_Notes": "",
    "Client_Count": 1,
    "Deal_Close_Date": "",
    "Days_to_Close": 0,
    "Multi_Client_Benefit": "",
    "Effort_T_Shirt_Size": "",
    "Engineering_Complexity": "",
    "Dependencies": "",
    "Team_Required": "",
    "Priority_Tier": "Tier 4: Backlog",
    "Revenue_Impact_Type": "Neutral (Internal/Platform)",
    "Weighted_ARR": 0.0,
    "Assigned_To": "",
    "Sprint_Assignment": "",
    "JIRA_Ticket_Count": 0,
    "Created_Date": "",
    "Target_Start_Date": "",
    "Sales_Notes": "1",
    "Manual_Override": "",
    "Manual_Override_Score": 0
  },
  {
    "Feature_ID": "F-020",
    "Feature_Name": "Technologist and Model Review UI implementation",
    "Agent_Type": "Platform (Analytics)",
    "Category": "Platform Improvements",
    "Quarter_Planned": "Q2 2026",
    "Replicability_Score": 5.0,
    "Primary_Client": "Multiple",
    "Additional_Clients": "0",
    "Platform_vs_Custom": "Platform Enhancement",
    "ARR_Amount": 0,
    "Revenue_Type": "",
    "Contract_Status": "",
    "Pipeline_Stage": "",
    "Conversion_Probability": 0,
    "Current_Status": "",
    "Completion_Percent": 0,
    "Target_Completion_Date": "",
    "Effort_Estimate_Weeks": 1,
    "Revenue_at_Risk": "",
    "Priority_Score": 0,
    "Engineering_Notes": "",
    "Management_Notes": "",
    "Client_Count": 1,
    "Deal_Close_Date": "",
    "Days_to_Close": 0,
    "Multi_Client_Benefit": "",
    "Effort_T_Shirt_Size": "",
    "Engineering_Complexity": "",
    "Dependencies": "",
    "Team_Required": "",
    "Priority_Tier": "Tier 4: Backlog",
    "Revenue_Impact_Type": "Neutral (Internal/Platform)",
    "Weighted_ARR": 0.0,
    "Assigned_To": "",
    "Sprint_Assignment": "",
    "JIRA_Ticket_Count": 0,
    "Created_Date": "",
    "Target_Start_Date": "",
    "Sales_Notes": "0",
    "Manual_Override": "",
    "Manual_Override_Score": 0
  },
  {
    "Feature_ID": "F-021",
    "Feature_Name": "DeepSee Service Fabric External Enhancements",
    "Agent_Type": "Platform (All Agents)",
    "Category": "Core Infrastructure",
    "Quarter_Planned": "Q3 2026",
    "Replicability_Score": 5.0,
    "Primary_Client": "Multiple",
    "Additional_Clients": "0",
    "Platform_vs_Custom": "Platform Enhancement",
    "ARR_Amount": 0,
    "Revenue_Type": "",
    "Contract_Status": "",
    "Pipeline_Stage": "",
    "Conversion_Probability": 0,
    "Current_Status": "",
    "Completion_Percent": 0,
    "Target_Completion_Date": "",
    "Effort_Estimate_Weeks": 1,
    "Revenue_at_Risk": "",
    "Priority_Score": 0,
    "Engineering_Notes": "",
    "Management_Notes": "",
    "Client_Count": 1,
    "Deal_Close_Date": "",
    "Days_to_Close": 0,
    "Multi_Client_Benefit": "",
    "Effort_T_Shirt_Size": "",
    "Engineering_Complexity": "",
    "Dependencies": "",
    "Team_Required": "",
    "Priority_Tier": "Tier 4: Backlog",
    "Revenue_Impact_Type": "Neutral (Internal/Platform)",
    "Weighted_ARR": 0.0,
    "Assigned_To": "",
    "Sprint_Assignment": "",
    "JIRA_Ticket_Count": 0,
    "Created_Date": "",
    "Target_Start_Date": "",
    "Sales_Notes": "0",
    "Manual_Override": "",
    "Manual_Override_Score": 0
  },
  {
    "Feature_ID": "F-022",
    "Feature_Name": "Integrated foreign language support",
    "Agent_Type": "Platform (All Agents)",
    "Category": "Platform Improvements",
    "Quarter_Planned": "Q3 2026",
    "Replicability_Score": 5.0,
    "Primary_Client": "Multiple",
    "Additional_Clients": "0",
    "Platform_vs_Custom": "Platform Enhancement",
    "ARR_Amount": 0,
    "Revenue_Type": "",
    "Contract_Status": "",
    "Pipeline_Stage": "",
    "Conversion_Probability": 0,
    "Current_Status": "",
    "Completion_Percent": 0,
    "Target_Completion_Date": "",
    "Effort_Estimate_Weeks": 1,
    "Revenue_at_Risk": "",
    "Priority_Score": 0,
    "Engineering_Notes": "",
    "Management_Notes": "",
    "Client_Count": 1,
    "Deal_Close_Date": "",
    "Days_to_Close": 0,
    "Multi_Client_Benefit": "",
    "Effort_T_Shirt_Size": "",
    "Engineering_Complexity": "",
    "Dependencies": "",
    "Team_Required": "",
    "Priority_Tier": "Tier 4: Backlog",
    "Revenue_Impact_Type": "Neutral (Internal/Platform)",
    "Weighted_ARR": 0.0,
    "Assigned_To": "",
    "Sprint_Assignment": "",
    "JIRA_Ticket_Count": 0,
    "Created_Date": "",
    "Target_Start_Date": "",
    "Sales_Notes": "1",
    "Manual_Override": "",
    "Manual_Override_Score": 0
  },
  {
    "Feature_ID": "F-023",
    "Feature_Name": "Process variation highlights",
    "Agent_Type": "Platform (Analytics)",
    "Category": "Platform Improvements",
    "Quarter_Planned": "Q3 2026",
    "Replicability_Score": 5.0,
    "Primary_Client": "Multiple",
    "Additional_Clients": "0",
    "Platform_vs_Custom": "Platform Enhancement",
    "ARR_Amount": 0,
    "Revenue_Type": "",
    "Contract_Status": "",
    "Pipeline_Stage": "",
    "Conversion_Probability": 0,
    "Current_Status": "",
    "Completion_Percent": 0,
    "Target_Completion_Date": "",
    "Effort_Estimate_Weeks": 1,
    "Revenue_at_Risk": "",
    "Priority_Score": 0,
    "Engineering_Notes": "",
    "Management_Notes": "",
    "Client_Count": 1,
    "Deal_Close_Date": "",
    "Days_to_Close": 0,
    "Multi_Client_Benefit": "",
    "Effort_T_Shirt_Size": "",
    "Engineering_Complexity": "",
    "Dependencies": "",
    "Team_Required": "",
    "Priority_Tier": "Tier 4: Backlog",
    "Revenue_Impact_Type": "Neutral (Internal/Platform)",
    "Weighted_ARR": 0.0,
    "Assigned_To": "",
    "Sprint_Assignment": "",
    "JIRA_Ticket_Count": 0,
    "Created_Date": "",
    "Target_Start_Date": "",
    "Sales_Notes": "1",
    "Manual_Override": "",
    "Manual_Override_Score": 0
  },
  {
    "Feature_ID": "F-024",
    "Feature_Name": "Agentic Card UI Implementation for 3rd Party Applications",
    "Agent_Type": "Platform (All Agents)",
    "Category": "Platform Improvements",
    "Quarter_Planned": "Q3 2026",
    "Replicability_Score": 5.0,
    "Primary_Client": "Multiple",
    "Additional_Clients": "0",
    "Platform_vs_Custom": "Platform Enhancement",
    "ARR_Amount": 0,
    "Revenue_Type": "",
    "Contract_Status": "",
    "Pipeline_Stage": "",
    "Conversion_Probability": 0,
    "Current_Status": "",
    "Completion_Percent": 0,
    "Target_Completion_Date": "",
    "Effort_Estimate_Weeks": 1,
    "Revenue_at_Risk": "",
    "Priority_Score": 0,
    "Engineering_Notes": "",
    "Management_Notes": "",
    "Client_Count": 1,
    "Deal_Close_Date": "",
    "Days_to_Close": 0,
    "Multi_Client_Benefit": "",
    "Effort_T_Shirt_Size": "",
    "Engineering_Complexity": "",
    "Dependencies": "",
    "Team_Required": "",
    "Priority_Tier": "Tier 4: Backlog",
    "Revenue_Impact_Type": "Neutral (Internal/Platform)",
    "Weighted_ARR": 0.0,
    "Assigned_To": "",
    "Sprint_Assignment": "",
    "JIRA_Ticket_Count": 0,
    "Created_Date": "",
    "Target_Start_Date": "",
    "Sales_Notes": "0",
    "Manual_Override": "",
    "Manual_Override_Score": 0
  },
  {
    "Feature_ID": "F-025",
    "Feature_Name": "Enhanced Testing Suite UI Implementation",
    "Agent_Type": "Platform (All Agents)",
    "Category": "Platform Improvements",
    "Quarter_Planned": "Q3 2026",
    "Replicability_Score": 5.0,
    "Primary_Client": "Multiple",
    "Additional_Clients": "0",
    "Platform_vs_Custom": "Platform Enhancement",
    "ARR_Amount": 0,
    "Revenue_Type": "",
    "Contract_Status": "",
    "Pipeline_Stage": "",
    "Conversion_Probability": 0,
    "Current_Status": "",
    "Completion_Percent": 0,
    "Target_Completion_Date": "",
    "Effort_Estimate_Weeks": 1,
    "Revenue_at_Risk": "",
    "Priority_Score": 0,
    "Engineering_Notes": "",
    "Management_Notes": "",
    "Client_Count": 1,
    "Deal_Close_Date": "",
    "Days_to_Close": 0,
    "Multi_Client_Benefit": "",
    "Effort_T_Shirt_Size": "",
    "Engineering_Complexity": "",
    "Dependencies": "",
    "Team_Required": "",
    "Priority_Tier": "Tier 4: Backlog",
    "Revenue_Impact_Type": "Neutral (Internal/Platform)",
    "Weighted_ARR": 0.0,
    "Assigned_To": "",
    "Sprint_Assignment": "",
    "JIRA_Ticket_Count": 0,
    "Created_Date": "",
    "Target_Start_Date": "",
    "Sales_Notes": "0",
    "Manual_Override": "",
    "Manual_Override_Score": 0
  },
  {
    "Feature_ID": "F-026",
    "Feature_Name": "DTCC Agent Onboarding - Trade Processing Phase 1",
    "Agent_Type": "Trade Processing",
    "Category": "Client-Specific Work",
    "Quarter_Planned": "Q4 2025",
    "Replicability_Score": 3.0,
    "Primary_Client": "DTCC",
    "Additional_Clients": "0",
    "Platform_vs_Custom": "Client-Specific",
    "ARR_Amount": 750000.0,
    "Revenue_Type": "New Contract",
    "Contract_Status": "Signed",
    "Pipeline_Stage": "Closed Won",
    "Conversion_Probability": 1.0,
    "Current_Status": "",
    "Completion_Percent": 0.6,
    "Target_Completion_Date": "2025-12-31",
    "Effort_Estimate_Weeks": 0.0,
    "Revenue_at_Risk": "0",
    "Priority_Score": 0.0,
    "Engineering_Notes": "Daily client meetings, high touch",
    "Management_Notes": "0",
    "Client_Count": 2,
    "Deal_Close_Date": "",
    "Days_to_Close": 0,
    "Multi_Client_Benefit": "",
    "Effort_T_Shirt_Size": "L-Large 8wks",
    "Engineering_Complexity": "High",
    "Dependencies": "Service fabric deployment, security audit",
    "Team_Required": "Multiple Teams",
    "Priority_Tier": "Tier 1: Fast Track",
    "Revenue_Impact_Type": "Positive (New Revenue)",
    "Weighted_ARR": 7500.0,
    "Assigned_To": "",
    "Sprint_Assignment": "",
    "JIRA_Ticket_Count": 0,
    "Created_Date": "",
    "Target_Start_Date": "",
    "Sales_Notes": "15",
    "Manual_Override": "",
    "Manual_Override_Score": 0
  },
  {
    "Feature_ID": "F-027",
    "Feature_Name": "DTCC Agent Onboarding - Trade Processing Phase 2",
    "Agent_Type": "Trade Processing",
    "Category": "Client-Specific Work",
    "Quarter_Planned": "Q1 2026",
    "Replicability_Score": 3.0,
    "Primary_Client": "DTCC",
    "Additional_Clients": "0",
    "Platform_vs_Custom": "Client-Specific",
    "ARR_Amount": 0,
    "Revenue_Type": "",
    "Contract_Status": "",
    "Pipeline_Stage": "",
    "Conversion_Probability": 0,
    "Current_Status": "",
    "Completion_Percent": 0,
    "Target_Completion_Date": "",
    "Effort_Estimate_Weeks": 1,
    "Revenue_at_Risk": "",
    "Priority_Score": 0,
    "Engineering_Notes": "",
    "Management_Notes": "",
    "Client_Count": 2,
    "Deal_Close_Date": "",
    "Days_to_Close": 0,
    "Multi_Client_Benefit": "",
    "Effort_T_Shirt_Size": "",
    "Engineering_Complexity": "",
    "Dependencies": "",
    "Team_Required": "",
    "Priority_Tier": "Tier 4: Backlog",
    "Revenue_Impact_Type": "Neutral (Internal/Platform)",
    "Weighted_ARR": 0.0,
    "Assigned_To": "",
    "Sprint_Assignment": "",
    "JIRA_Ticket_Count": 0,
    "Created_Date": "",
    "Target_Start_Date": "",
    "Sales_Notes": "3",
    "Manual_Override": "",
    "Manual_Override_Score": 0
  },
  {
    "Feature_ID": "F-028",
    "Feature_Name": "DTCC Agent Onboarding - Core Reconciliation",
    "Agent_Type": "Core Reconciliation",
    "Category": "Client-Specific Work",
    "Quarter_Planned": "Q1 2026",
    "Replicability_Score": 3.0,
    "Primary_Client": "DTCC",
    "Additional_Clients": "0",
    "Platform_vs_Custom": "Client-Specific",
    "ARR_Amount": 0,
    "Revenue_Type": "",
    "Contract_Status": "",
    "Pipeline_Stage": "",
    "Conversion_Probability": 0,
    "Current_Status": "",
    "Completion_Percent": 0,
    "Target_Completion_Date": "",
    "Effort_Estimate_Weeks": 1,
    "Revenue_at_Risk": "",
    "Priority_Score": 0,
    "Engineering_Notes": "",
    "Management_Notes": "",
    "Client_Count": 2,
    "Deal_Close_Date": "",
    "Days_to_Close": 0,
    "Multi_Client_Benefit": "",
    "Effort_T_Shirt_Size": "",
    "Engineering_Complexity": "",
    "Dependencies": "",
    "Team_Required": "",
    "Priority_Tier": "Tier 4: Backlog",
    "Revenue_Impact_Type": "Neutral (Internal/Platform)",
    "Weighted_ARR": 0.0,
    "Assigned_To": "",
    "Sprint_Assignment": "",
    "JIRA_Ticket_Count": 0,
    "Created_Date": "",
    "Target_Start_Date": "",
    "Sales_Notes": "4",
    "Manual_Override": "",
    "Manual_Override_Score": 0
  },
  {
    "Feature_ID": "F-029",
    "Feature_Name": "Broadridge Trade Matching Engine Enhancement",
    "Agent_Type": "Matching Engine",
    "Category": "Client-Specific Work",
    "Quarter_Planned": "Q4 2025",
    "Replicability_Score": 2.0,
    "Primary_Client": "Broadridge",
    "Additional_Clients": "",
    "Platform_vs_Custom": "Client-Specific",
    "ARR_Amount": 0,
    "Revenue_Type": "",
    "Contract_Status": "",
    "Pipeline_Stage": "",
    "Conversion_Probability": 0,
    "Current_Status": "",
    "Completion_Percent": 0,
    "Target_Completion_Date": "",
    "Effort_Estimate_Weeks": 1,
    "Revenue_at_Risk": "",
    "Priority_Score": 0,
    "Engineering_Notes": "",
    "Management_Notes": "",
    "Client_Count": 1,
    "Deal_Close_Date": "",
    "Days_to_Close": 0,
    "Multi_Client_Benefit": "",
    "Effort_T_Shirt_Size": "",
    "Engineering_Complexity": "",
    "Dependencies": "",
    "Team_Required": "",
    "Priority_Tier": "Tier 4: Backlog",
    "Revenue_Impact_Type": "Neutral (Internal/Platform)",
    "Weighted_ARR": 0.0,
    "Assigned_To": "",
    "Sprint_Assignment": "",
    "JIRA_Ticket_Count": 0,
    "Created_Date": "",
    "Target_Start_Date": "",
    "Sales_Notes": "5",
    "Manual_Override": "",
    "Manual_Override_Score": 0
  },
  {
    "Feature_ID": "F-030",
    "Feature_Name": "Broadridge Email Automation Workflow",
    "Agent_Type": "Email Automation",
    "Category": "Client-Specific Work",
    "Quarter_Planned": "Q4 2025",
    "Replicability_Score": 3.0,
    "Primary_Client": "Broadridge",
    "Additional_Clients": "",
    "Platform_vs_Custom": "Client-Specific",
    "ARR_Amount": 500000.0,
    "Revenue_Type": "Expansion",
    "Contract_Status": "Signed",
    "Pipeline_Stage": "Closed Won",
    "Conversion_Probability": 1.0,
    "Current_Status": "",
    "Completion_Percent": 0,
    "Target_Completion_Date": "",
    "Effort_Estimate_Weeks": 1,
    "Revenue_at_Risk": "",
    "Priority_Score": 0,
    "Engineering_Notes": "",
    "Management_Notes": "",
    "Client_Count": 1,
    "Deal_Close_Date": "",
    "Days_to_Close": 0,
    "Multi_Client_Benefit": "",
    "Effort_T_Shirt_Size": "L-Large 8wks",
    "Engineering_Complexity": "Medium",
    "Dependencies": "",
    "Team_Required": "Backend",
    "Priority_Tier": "Tier 1: Fast Track",
    "Revenue_Impact_Type": "Positive (New Revenue)",
    "Weighted_ARR": 5000.0,
    "Assigned_To": "",
    "Sprint_Assignment": "",
    "JIRA_Ticket_Count": 0,
    "Created_Date": "",
    "Target_Start_Date": "",
    "Sales_Notes": "6",
    "Manual_Override": "",
    "Manual_Override_Score": 0
  },
  {
    "Feature_ID": "F-031",
    "Feature_Name": "Broadridge Critical Bug Fix - Trade Processing",
    "Agent_Type": "Trade Processing",
    "Category": "Bug Fixes",
    "Quarter_Planned": "Q4 2025",
    "Replicability_Score": 1.0,
    "Primary_Client": "Broadridge",
    "Additional_Clients": "",
    "Platform_vs_Custom": "Client-Specific",
    "ARR_Amount": -500000.0,
    "Revenue_Type": "Retention/Risk of Loss",
    "Contract_Status": "0",
    "Pipeline_Stage": "0",
    "Conversion_Probability": 1.0,
    "Current_Status": "In Progress",
    "Completion_Percent": 0.7,
    "Target_Completion_Date": "",
    "Effort_Estimate_Weeks": 1.0,
    "Revenue_at_Risk": "Yes",
    "Priority_Score": -500000.0,
    "Engineering_Notes": "Tier 0: Emergency",
    "Management_Notes": "",
    "Client_Count": 1,
    "Deal_Close_Date": "",
    "Days_to_Close": 0,
    "Multi_Client_Benefit": "",
    "Effort_T_Shirt_Size": "S-Small 2wks",
    "Engineering_Complexity": "Low",
    "Dependencies": "",
    "Team_Required": "Backend",
    "Priority_Tier": "Tier 0: Emergency",
    "Revenue_Impact_Type": "Negative (Risk of Loss)",
    "Weighted_ARR": -5000.0,
    "Assigned_To": "",
    "Sprint_Assignment": "",
    "JIRA_Ticket_Count": 0,
    "Created_Date": "",
    "Target_Start_Date": "",
    "Sales_Notes": "3",
    "Manual_Override": "",
    "Manual_Override_Score": 0
  },
  {
    "Feature_ID": "F-032",
    "Feature_Name": "JP Morgan Monthly Reconciliation Enhancement",
    "Agent_Type": "Core Reconciliation",
    "Category": "Client-Specific Work",
    "Quarter_Planned": "Q1 2026",
    "Replicability_Score": 3.0,
    "Primary_Client": "JP Morgan",
    "Additional_Clients": "",
    "Platform_vs_Custom": "Client-Specific",
    "ARR_Amount": 0,
    "Revenue_Type": "",
    "Contract_Status": "",
    "Pipeline_Stage": "",
    "Conversion_Probability": 0,
    "Current_Status": "",
    "Completion_Percent": 0,
    "Target_Completion_Date": "",
    "Effort_Estimate_Weeks": 1,
    "Revenue_at_Risk": "",
    "Priority_Score": 0,
    "Engineering_Notes": "",
    "Management_Notes": "",
    "Client_Count": 1,
    "Deal_Close_Date": "",
    "Days_to_Close": 0,
    "Multi_Client_Benefit": "",
    "Effort_T_Shirt_Size": "",
    "Engineering_Complexity": "",
    "Dependencies": "",
    "Team_Required": "",
    "Priority_Tier": "Tier 4: Backlog",
    "Revenue_Impact_Type": "Neutral (Internal/Platform)",
    "Weighted_ARR": 0.0,
    "Assigned_To": "",
    "Sprint_Assignment": "",
    "JIRA_Ticket_Count": 0,
    "Created_Date": "",
    "Target_Start_Date": "",
    "Sales_Notes": "3",
    "Manual_Override": "",
    "Manual_Override_Score": 0
  },
  {
    "Feature_ID": "F-033",
    "Feature_Name": "JP Morgan Security Settlements Optimization",
    "Agent_Type": "Security Settlements",
    "Category": "Client-Specific Work",
    "Quarter_Planned": "Q2 2026",
    "Replicability_Score": 3.0,
    "Primary_Client": "JP Morgan",
    "Additional_Clients": "",
    "Platform_vs_Custom": "Client-Specific",
    "ARR_Amount": 0,
    "Revenue_Type": "",
    "Contract_Status": "",
    "Pipeline_Stage": "",
    "Conversion_Probability": 0,
    "Current_Status": "",
    "Completion_Percent": 0,
    "Target_Completion_Date": "",
    "Effort_Estimate_Weeks": 1,
    "Revenue_at_Risk": "",
    "Priority_Score": 0,
    "Engineering_Notes": "",
    "Management_Notes": "",
    "Client_Count": 1,
    "Deal_Close_Date": "",
    "Days_to_Close": 0,
    "Multi_Client_Benefit": "",
    "Effort_T_Shirt_Size": "",
    "Engineering_Complexity": "",
    "Dependencies": "",
    "Team_Required": "",
    "Priority_Tier": "Tier 4: Backlog",
    "Revenue_Impact_Type": "Neutral (Internal/Platform)",
    "Weighted_ARR": 0.0,
    "Assigned_To": "",
    "Sprint_Assignment": "",
    "JIRA_Ticket_Count": 0,
    "Created_Date": "",
    "Target_Start_Date": "",
    "Sales_Notes": "2",
    "Manual_Override": "",
    "Manual_Override_Score": 0
  },
  {
    "Feature_ID": "F-034",
    "Feature_Name": "Accenture Email Automation Deployment",
    "Agent_Type": "Email Automation",
    "Category": "Client-Specific Work",
    "Quarter_Planned": "Q4 2025",
    "Replicability_Score": 4.0,
    "Primary_Client": "Accenture",
    "Additional_Clients": "",
    "Platform_vs_Custom": "Client-Specific",
    "ARR_Amount": 1200000.0,
    "Revenue_Type": "New Contract",
    "Contract_Status": "Signed",
    "Pipeline_Stage": "Closed Won",
    "Conversion_Probability": 1.0,
    "Current_Status": "",
    "Completion_Percent": 0,
    "Target_Completion_Date": "",
    "Effort_Estimate_Weeks": 1,
    "Revenue_at_Risk": "",
    "Priority_Score": 0,
    "Engineering_Notes": "",
    "Management_Notes": "",
    "Client_Count": 1,
    "Deal_Close_Date": "",
    "Days_to_Close": 0,
    "Multi_Client_Benefit": "",
    "Effort_T_Shirt_Size": "L-Large 8wks",
    "Engineering_Complexity": "Medium",
    "Dependencies": "",
    "Team_Required": "Multiple Teams",
    "Priority_Tier": "Tier 1: Fast Track",
    "Revenue_Impact_Type": "Positive (New Revenue)",
    "Weighted_ARR": 12000.0,
    "Assigned_To": "",
    "Sprint_Assignment": "",
    "JIRA_Ticket_Count": 0,
    "Created_Date": "",
    "Target_Start_Date": "",
    "Sales_Notes": "2",
    "Manual_Override": "",
    "Manual_Override_Score": 0
  },
  {
    "Feature_ID": "F-035",
    "Feature_Name": "Accenture Multi-Agent Orchestration",
    "Agent_Type": "Platform (All Agents)",
    "Category": "Client-Specific Work",
    "Quarter_Planned": "Q1 2026",
    "Replicability_Score": 4.0,
    "Primary_Client": "Accenture",
    "Additional_Clients": "",
    "Platform_vs_Custom": "Both",
    "ARR_Amount": 0,
    "Revenue_Type": "",
    "Contract_Status": "",
    "Pipeline_Stage": "",
    "Conversion_Probability": 0,
    "Current_Status": "",
    "Completion_Percent": 0,
    "Target_Completion_Date": "",
    "Effort_Estimate_Weeks": 1,
    "Revenue_at_Risk": "",
    "Priority_Score": 0,
    "Engineering_Notes": "",
    "Management_Notes": "",
    "Client_Count": 1,
    "Deal_Close_Date": "",
    "Days_to_Close": 0,
    "Multi_Client_Benefit": "",
    "Effort_T_Shirt_Size": "",
    "Engineering_Complexity": "",
    "Dependencies": "",
    "Team_Required": "",
    "Priority_Tier": "Tier 4: Backlog",
    "Revenue_Impact_Type": "Neutral (Internal/Platform)",
    "Weighted_ARR": 0.0,
    "Assigned_To": "",
    "Sprint_Assignment": "",
    "JIRA_Ticket_Count": 0,
    "Created_Date": "",
    "Target_Start_Date": "",
    "Sales_Notes": "2",
    "Manual_Override": "",
    "Manual_Override_Score": 0
  },
  {
    "Feature_ID": "F-036",
    "Feature_Name": "SSI Agent Deployment - Colony Bank",
    "Agent_Type": "Standing Settlement Instructions",
    "Category": "Client-Specific Work",
    "Quarter_Planned": "Q4 2025",
    "Replicability_Score": 5.0,
    "Primary_Client": "Regional Banks",
    "Additional_Clients": "Colony Bank",
    "Platform_vs_Custom": "Platform Enhancement",
    "ARR_Amount": 200000.0,
    "Revenue_Type": "New Contract",
    "Contract_Status": "Signed",
    "Pipeline_Stage": "Closed Won",
    "Conversion_Probability": 1.0,
    "Current_Status": "In Progress",
    "Completion_Percent": 0.4,
    "Target_Completion_Date": "2025-12-15",
    "Effort_Estimate_Weeks": 6.0,
    "Revenue_at_Risk": "",
    "Priority_Score": 0,
    "Engineering_Notes": "",
    "Management_Notes": "",
    "Client_Count": 2,
    "Deal_Close_Date": "",
    "Days_to_Close": 0,
    "Multi_Client_Benefit": "",
    "Effort_T_Shirt_Size": "M-Medium 4wks",
    "Engineering_Complexity": "Medium",
    "Dependencies": "",
    "Team_Required": "Backend",
    "Priority_Tier": "Tier 1: Fast Track",
    "Revenue_Impact_Type": "Positive (New Revenue)",
    "Weighted_ARR": 2000.0,
    "Assigned_To": "",
    "Sprint_Assignment": "",
    "JIRA_Ticket_Count": 0,
    "Created_Date": "",
    "Target_Start_Date": "",
    "Sales_Notes": "4",
    "Manual_Override": "",
    "Manual_Override_Score": 0
  },
  {
    "Feature_ID": "F-037",
    "Feature_Name": "SSI Agent Deployment - Sunwest Bank",
    "Agent_Type": "Standing Settlement Instructions",
    "Category": "Client-Specific Work",
    "Quarter_Planned": "Q1 2026",
    "Replicability_Score": 5.0,
    "Primary_Client": "Regional Banks",
    "Additional_Clients": "Sunwest Bank",
    "Platform_vs_Custom": "Platform Enhancement",
    "ARR_Amount": 180000.0,
    "Revenue_Type": "New Contract",
    "Contract_Status": "Contract Negotiation",
    "Pipeline_Stage": "Contract Negotiation",
    "Conversion_Probability": 0.8,
    "Current_Status": "",
    "Completion_Percent": 0,
    "Target_Completion_Date": "",
    "Effort_Estimate_Weeks": 1,
    "Revenue_at_Risk": "",
    "Priority_Score": 0,
    "Engineering_Notes": "",
    "Management_Notes": "",
    "Client_Count": 2,
    "Deal_Close_Date": "",
    "Days_to_Close": 0,
    "Multi_Client_Benefit": "",
    "Effort_T_Shirt_Size": "M-Medium 4wks",
    "Engineering_Complexity": "Medium",
    "Dependencies": "",
    "Team_Required": "Backend",
    "Priority_Tier": "Tier 1: Fast Track",
    "Revenue_Impact_Type": "Positive (New Revenue)",
    "Weighted_ARR": 1440.0,
    "Assigned_To": "",
    "Sprint_Assignment": "",
    "JIRA_Ticket_Count": 0,
    "Created_Date": "",
    "Target_Start_Date": "",
    "Sales_Notes": "2",
    "Manual_Override": "",
    "Manual_Override_Score": 0
  },
  {
    "Feature_ID": "F-038",
    "Feature_Name": "Vantage Bank Custom Reconciliation (POC)",
    "Agent_Type": "Core Reconciliation",
    "Category": "Client-Specific Work",
    "Quarter_Planned": "Q1 2026",
    "Replicability_Score": 2.0,
    "Primary_Client": "Regional Banks",
    "Additional_Clients": "Vantage Bank",
    "Platform_vs_Custom": "Client-Specific",
    "ARR_Amount": 200000.0,
    "Revenue_Type": "New Contract",
    "Contract_Status": "POC",
    "Pipeline_Stage": "POC",
    "Conversion_Probability": 0.5,
    "Current_Status": "Not Started",
    "Completion_Percent": 0,
    "Target_Completion_Date": "",
    "Effort_Estimate_Weeks": 12.0,
    "Revenue_at_Risk": "",
    "Priority_Score": 0,
    "Engineering_Notes": "",
    "Management_Notes": "Only proceed if Vantage prepays 50% or signs binding contract",
    "Client_Count": 2,
    "Deal_Close_Date": "",
    "Days_to_Close": 0,
    "Multi_Client_Benefit": "",
    "Effort_T_Shirt_Size": "XL-Extra Large 12wks+",
    "Engineering_Complexity": "High",
    "Dependencies": "Client requires prepayment",
    "Team_Required": "Backend",
    "Priority_Tier": "Tier 1: Fast Track",
    "Revenue_Impact_Type": "Positive (New Revenue)",
    "Weighted_ARR": 1000.0,
    "Assigned_To": "",
    "Sprint_Assignment": "",
    "JIRA_Ticket_Count": 0,
    "Created_Date": "",
    "Target_Start_Date": "",
    "Sales_Notes": "2",
    "Manual_Override": "",
    "Manual_Override_Score": 0
  },
  {
    "Feature_ID": "F-039",
    "Feature_Name": "Email Automation - Response Generation Enhancement",
    "Agent_Type": "Email Automation",
    "Category": "Platform Improvements",
    "Quarter_Planned": "Q2 2026",
    "Replicability_Score": 5.0,
    "Primary_Client": "Multiple",
    "Additional_Clients": "0",
    "Platform_vs_Custom": "Platform Enhancement",
    "ARR_Amount": 0,
    "Revenue_Type": "",
    "Contract_Status": "",
    "Pipeline_Stage": "",
    "Conversion_Probability": 0,
    "Current_Status": "",
    "Completion_Percent": 0,
    "Target_Completion_Date": "",
    "Effort_Estimate_Weeks": 1,
    "Revenue_at_Risk": "",
    "Priority_Score": 0,
    "Engineering_Notes": "",
    "Management_Notes": "",
    "Client_Count": 1,
    "Deal_Close_Date": "",
    "Days_to_Close": 0,
    "Multi_Client_Benefit": "",
    "Effort_T_Shirt_Size": "",
    "Engineering_Complexity": "",
    "Dependencies": "",
    "Team_Required": "",
    "Priority_Tier": "Tier 4: Backlog",
    "Revenue_Impact_Type": "Neutral (Internal/Platform)",
    "Weighted_ARR": 0.0,
    "Assigned_To": "",
    "Sprint_Assignment": "",
    "JIRA_Ticket_Count": 0,
    "Created_Date": "",
    "Target_Start_Date": "",
    "Sales_Notes": "0",
    "Manual_Override": "",
    "Manual_Override_Score": 0
  },
  {
    "Feature_ID": "F-040",
    "Feature_Name": "Trade Processing - 100% Accuracy Validation",
    "Agent_Type": "Trade Processing",
    "Category": "Platform Improvements",
    "Quarter_Planned": "Q1 2026",
    "Replicability_Score": 5.0,
    "Primary_Client": "Multiple",
    "Additional_Clients": "0",
    "Platform_vs_Custom": "Platform Enhancement",
    "ARR_Amount": 0,
    "Revenue_Type": "",
    "Contract_Status": "",
    "Pipeline_Stage": "",
    "Conversion_Probability": 0,
    "Current_Status": "",
    "Completion_Percent": 0,
    "Target_Completion_Date": "",
    "Effort_Estimate_Weeks": 1,
    "Revenue_at_Risk": "",
    "Priority_Score": 0,
    "Engineering_Notes": "",
    "Management_Notes": "",
    "Client_Count": 1,
    "Deal_Close_Date": "",
    "Days_to_Close": 0,
    "Multi_Client_Benefit": "",
    "Effort_T_Shirt_Size": "",
    "Engineering_Complexity": "",
    "Dependencies": "",
    "Team_Required": "",
    "Priority_Tier": "Tier 4: Backlog",
    "Revenue_Impact_Type": "Neutral (Internal/Platform)",
    "Weighted_ARR": 0.0,
    "Assigned_To": "",
    "Sprint_Assignment": "",
    "JIRA_Ticket_Count": 0,
    "Created_Date": "",
    "Target_Start_Date": "",
    "Sales_Notes": "0",
    "Manual_Override": "",
    "Manual_Override_Score": 0
  },
  {
    "Feature_ID": "F-041",
    "Feature_Name": "Security Settlements - Break Resolution Automation",
    "Agent_Type": "Security Settlements",
    "Category": "Platform Improvements",
    "Quarter_Planned": "Q2 2026",
    "Replicability_Score": 5.0,
    "Primary_Client": "Multiple",
    "Additional_Clients": "0",
    "Platform_vs_Custom": "Platform Enhancement",
    "ARR_Amount": 0,
    "Revenue_Type": "",
    "Contract_Status": "",
    "Pipeline_Stage": "",
    "Conversion_Probability": 0,
    "Current_Status": "",
    "Completion_Percent": 0,
    "Target_Completion_Date": "",
    "Effort_Estimate_Weeks": 1,
    "Revenue_at_Risk": "",
    "Priority_Score": 0,
    "Engineering_Notes": "",
    "Management_Notes": "",
    "Client_Count": 1,
    "Deal_Close_Date": "",
    "Days_to_Close": 0,
    "Multi_Client_Benefit": "",
    "Effort_T_Shirt_Size": "",
    "Engineering_Complexity": "",
    "Dependencies": "",
    "Team_Required": "",
    "Priority_Tier": "Tier 4: Backlog",
    "Revenue_Impact_Type": "Neutral (Internal/Platform)",
    "Weighted_ARR": 0.0,
    "Assigned_To": "",
    "Sprint_Assignment": "",
    "JIRA_Ticket_Count": 0,
    "Created_Date": "",
    "Target_Start_Date": "",
    "Sales_Notes": "0",
    "Manual_Override": "",
    "Manual_Override_Score": 0
  },
  {
    "Feature_ID": "F-042",
    "Feature_Name": "SSI - Real-time Data Validation",
    "Agent_Type": "Standing Settlement Instructions",
    "Category": "Platform Improvements",
    "Quarter_Planned": "Q1 2026",
    "Replicability_Score": 5.0,
    "Primary_Client": "Multiple",
    "Additional_Clients": "0",
    "Platform_vs_Custom": "Platform Enhancement",
    "ARR_Amount": 0,
    "Revenue_Type": "",
    "Contract_Status": "",
    "Pipeline_Stage": "",
    "Conversion_Probability": 0,
    "Current_Status": "",
    "Completion_Percent": 0,
    "Target_Completion_Date": "",
    "Effort_Estimate_Weeks": 1,
    "Revenue_at_Risk": "",
    "Priority_Score": 0,
    "Engineering_Notes": "",
    "Management_Notes": "",
    "Client_Count": 1,
    "Deal_Close_Date": "",
    "Days_to_Close": 0,
    "Multi_Client_Benefit": "",
    "Effort_T_Shirt_Size": "",
    "Engineering_Complexity": "",
    "Dependencies": "",
    "Team_Required": "",
    "Priority_Tier": "Tier 4: Backlog",
    "Revenue_Impact_Type": "Neutral (Internal/Platform)",
    "Weighted_ARR": 0.0,
    "Assigned_To": "",
    "Sprint_Assignment": "",
    "JIRA_Ticket_Count": 0,
    "Created_Date": "",
    "Target_Start_Date": "",
    "Sales_Notes": "0",
    "Manual_Override": "",
    "Manual_Override_Score": 0
  },
  {
    "Feature_ID": "F-043",
    "Feature_Name": "Matching Engine - External Break Detection",
    "Agent_Type": "Matching Engine",
    "Category": "Platform Improvements",
    "Quarter_Planned": "Q2 2026",
    "Replicability_Score": 4.0,
    "Primary_Client": "Multiple",
    "Additional_Clients": "0",
    "Platform_vs_Custom": "Platform Enhancement",
    "ARR_Amount": 0,
    "Revenue_Type": "",
    "Contract_Status": "",
    "Pipeline_Stage": "",
    "Conversion_Probability": 0,
    "Current_Status": "",
    "Completion_Percent": 0,
    "Target_Completion_Date": "",
    "Effort_Estimate_Weeks": 1,
    "Revenue_at_Risk": "",
    "Priority_Score": 0,
    "Engineering_Notes": "",
    "Management_Notes": "",
    "Client_Count": 1,
    "Deal_Close_Date": "",
    "Days_to_Close": 0,
    "Multi_Client_Benefit": "",
    "Effort_T_Shirt_Size": "",
    "Engineering_Complexity": "",
    "Dependencies": "",
    "Team_Required": "",
    "Priority_Tier": "Tier 4: Backlog",
    "Revenue_Impact_Type": "Neutral (Internal/Platform)",
    "Weighted_ARR": 0.0,
    "Assigned_To": "",
    "Sprint_Assignment": "",
    "JIRA_Ticket_Count": 0,
    "Created_Date": "",
    "Target_Start_Date": "",
    "Sales_Notes": "0",
    "Manual_Override": "",
    "Manual_Override_Score": 0
  },
  {
    "Feature_ID": "F-044",
    "Feature_Name": "One View - Cross-System Integration",
    "Agent_Type": "One View",
    "Category": "Platform Improvements",
    "Quarter_Planned": "Q2 2026",
    "Replicability_Score": 5.0,
    "Primary_Client": "Multiple",
    "Additional_Clients": "0",
    "Platform_vs_Custom": "Platform Enhancement",
    "ARR_Amount": 0,
    "Revenue_Type": "",
    "Contract_Status": "",
    "Pipeline_Stage": "",
    "Conversion_Probability": 0,
    "Current_Status": "",
    "Completion_Percent": 0,
    "Target_Completion_Date": "",
    "Effort_Estimate_Weeks": 1,
    "Revenue_at_Risk": "",
    "Priority_Score": 0,
    "Engineering_Notes": "",
    "Management_Notes": "",
    "Client_Count": 1,
    "Deal_Close_Date": "",
    "Days_to_Close": 0,
    "Multi_Client_Benefit": "",
    "Effort_T_Shirt_Size": "",
    "Engineering_Complexity": "",
    "Dependencies": "",
    "Team_Required": "",
    "Priority_Tier": "Tier 4: Backlog",
    "Revenue_Impact_Type": "Neutral (Internal/Platform)",
    "Weighted_ARR": 0.0,
    "Assigned_To": "",
    "Sprint_Assignment": "",
    "JIRA_Ticket_Count": 0,
    "Created_Date": "",
    "Target_Start_Date": "",
    "Sales_Notes": "0",
    "Manual_Override": "",
    "Manual_Override_Score": 0
  },
  {
    "Feature_ID": "F-045",
    "Feature_Name": "Loan Operations - Application Automation",
    "Agent_Type": "Loan Operations",
    "Category": "Platform Improvements",
    "Quarter_Planned": "Q3 2026",
    "Replicability_Score": 4.0,
    "Primary_Client": "Multiple",
    "Additional_Clients": "0",
    "Platform_vs_Custom": "Platform Enhancement",
    "ARR_Amount": 0,
    "Revenue_Type": "",
    "Contract_Status": "",
    "Pipeline_Stage": "",
    "Conversion_Probability": 0,
    "Current_Status": "",
    "Completion_Percent": 0,
    "Target_Completion_Date": "",
    "Effort_Estimate_Weeks": 1,
    "Revenue_at_Risk": "",
    "Priority_Score": 0,
    "Engineering_Notes": "",
    "Management_Notes": "",
    "Client_Count": 1,
    "Deal_Close_Date": "",
    "Days_to_Close": 0,
    "Multi_Client_Benefit": "",
    "Effort_T_Shirt_Size": "",
    "Engineering_Complexity": "",
    "Dependencies": "",
    "Team_Required": "",
    "Priority_Tier": "Tier 4: Backlog",
    "Revenue_Impact_Type": "Neutral (Internal/Platform)",
    "Weighted_ARR": 0.0,
    "Assigned_To": "",
    "Sprint_Assignment": "",
    "JIRA_Ticket_Count": 0,
    "Created_Date": "",
    "Target_Start_Date": "",
    "Sales_Notes": "0",
    "Manual_Override": "",
    "Manual_Override_Score": 0
  },
  {
    "Feature_ID": "F-046",
    "Feature_Name": "Core Reconciliation - Multi-System Support",
    "Agent_Type": "Core Reconciliation",
    "Category": "Platform Improvements",
    "Quarter_Planned": "Q1 2026",
    "Replicability_Score": 5.0,
    "Primary_Client": "Multiple",
    "Additional_Clients": "0",
    "Platform_vs_Custom": "Platform Enhancement",
    "ARR_Amount": 0,
    "Revenue_Type": "",
    "Contract_Status": "",
    "Pipeline_Stage": "",
    "Conversion_Probability": 0,
    "Current_Status": "",
    "Completion_Percent": 0,
    "Target_Completion_Date": "",
    "Effort_Estimate_Weeks": 1,
    "Revenue_at_Risk": "",
    "Priority_Score": 0,
    "Engineering_Notes": "",
    "Management_Notes": "",
    "Client_Count": 1,
    "Deal_Close_Date": "",
    "Days_to_Close": 0,
    "Multi_Client_Benefit": "",
    "Effort_T_Shirt_Size": "",
    "Engineering_Complexity": "",
    "Dependencies": "",
    "Team_Required": "",
    "Priority_Tier": "Tier 4: Backlog",
    "Revenue_Impact_Type": "Neutral (Internal/Platform)",
    "Weighted_ARR": 0.0,
    "Assigned_To": "",
    "Sprint_Assignment": "",
    "JIRA_Ticket_Count": 0,
    "Created_Date": "",
    "Target_Start_Date": "",
    "Sales_Notes": "0",
    "Manual_Override": "",
    "Manual_Override_Score": 0
  },
  {
    "Feature_ID": "F-047",
    "Feature_Name": "DeepPilot - Financial Services Context Mining",
    "Agent_Type": "DeepPilot",
    "Category": "Platform Improvements",
    "Quarter_Planned": "Q2 2026",
    "Replicability_Score": 5.0,
    "Primary_Client": "Multiple",
    "Additional_Clients": "0",
    "Platform_vs_Custom": "Platform Enhancement",
    "ARR_Amount": 0,
    "Revenue_Type": "",
    "Contract_Status": "",
    "Pipeline_Stage": "",
    "Conversion_Probability": 0,
    "Current_Status": "",
    "Completion_Percent": 0,
    "Target_Completion_Date": "",
    "Effort_Estimate_Weeks": 1,
    "Revenue_at_Risk": "",
    "Priority_Score": 0,
    "Engineering_Notes": "",
    "Management_Notes": "",
    "Client_Count": 1,
    "Deal_Close_Date": "",
    "Days_to_Close": 0,
    "Multi_Client_Benefit": "",
    "Effort_T_Shirt_Size": "",
    "Engineering_Complexity": "",
    "Dependencies": "",
    "Team_Required": "",
    "Priority_Tier": "Tier 4: Backlog",
    "Revenue_Impact_Type": "Neutral (Internal/Platform)",
    "Weighted_ARR": 0.0,
    "Assigned_To": "",
    "Sprint_Assignment": "",
    "JIRA_Ticket_Count": 0,
    "Created_Date": "",
    "Target_Start_Date": "",
    "Sales_Notes": "0",
    "Manual_Override": "",
    "Manual_Override_Score": 0
  }
]