[
  {
    "Opportunity_ID": "OPP-001",
    "Opportunity_Name": "DTCC Trade Processing POC to Production",
    "Account_Name": "DTCC",
    "Stage": "Closed Won",
    "ARR_Value": 750000.0,
    "Close_Date": "2025-12-31",
    "Probability": 1.0,
    "Owner": "Steve Shillingford",
    "Agent_Type": "Trade Processing",
    "Mapped_Feature_ID": "F-026",
    "Status": "Active",
    "Created_Date": "2025-06-15",
    "Last_Activity_Date": "2025-10-31",
    "Notes": "",
    "Weighted_ARR": 7500.0,
    "Days_in_Stage": 8
  },
  {
    "Opportunity_ID": "OPP-002",
    "Opportunity_Name": "Broadridge Email Automation Expansion",
    "Account_Name": "Broadridge",
    "Stage": "Closed Won",
    "ARR_Value": 500000.0,
    "Close_Date": "2025-11-30",
    "Probability": 1.0,
    "Owner": "Steve Shillingford",
    "Agent_Type": "Email Automation",
    "Mapped_Feature_ID": "F-030",
    "Status": "Active",
    "Created_Date": "2025-07-01",
    "Last_Activity_Date": "2025-10-15",
    "Notes": "",
    "Weighted_ARR": 5000.0,
    "Days_in_Stage": 24
  },
  {
    "Opportunity_ID": "OPP-003",
    "Opportunity_Name": "Colony Bank SSI Deployment",
    "Account_Name": "Regional Banks - Colony Bank",
    "Stage": "Closed Won",
    "ARR_Value": 200000.0,
    "Close_Date": "2025-12-15",
    "Probability": 1.0,
    "Owner": "Armen Sargysan",
    "Agent_Type": "Standing Settlement Instructions",
    "Mapped_Feature_ID": "F-036",
    "Status": "Active",
    "Created_Date": "2025-08-01",
    "Last_Activity_Date": "2025-11-01",
    "Notes": "",
    "Weighted_ARR": 2000.0,
    "Days_in_Stage": 7
  },
  {
    "Opportunity_ID": "OPP-004",
    "Opportunity_Name": "Accenture Multi-Agent Platform",
    "Account_Name": "Accenture",
    "Stage": "Closed Won",
    "ARR_Value": 1200000.0,
    "Close_Date": "2025-10-31",
    "Probability": 1.0,
    "Owner": "Steve Shillingford",
    "Agent_Type": "Platform (All Agents)",
    "Mapped_Feature_ID": "F-034, F-035",
    "Status": "Active",
    "Created_Date": "2025-05-01",
    "Last_Activity_Date": "2025-10-25",
    "Notes": "",
    "Weighted_ARR": 12000.0,
    "Days_in_Stage": 14
  },
  {
    "Opportunity_ID": "OPP-005",
    "Opportunity_Name": "JP Morgan Reconciliation Annual Renewal",
    "Account_Name": "JP Morgan",
    "Stage": "Closed Won",
    "ARR_Value": 3000000.0,
    "Close_Date": "2025-12-31",
    "Probability": 1.0,
    "Owner": "Steve Shillingford",
    "Agent_Type": "Core Reconciliation",
    "Mapped_Feature_ID": "F-032",
    "Status": "Renewal",
    "Created_Date": "2024-12-01",
    "Last_Activity_Date": "2025-11-05",
    "Notes": "",
    "Weighted_ARR": 30000.0,
    "Days_in_Stage": 3
  },
  {
    "Opportunity_ID": "OPP-006",
    "Opportunity_Name": "Sunwest Bank SSI Deployment",
    "Account_Name": "Regional Banks - Sunwest Bank",
    "Stage": "Contract Negotiation",
    "ARR_Value": 180000.0,
    "Close_Date": "2026-01-31",
    "Probability": 0.8,
    "Owner": "Armen Sargysan",
    "Agent_Type": "Standing Settlement Instructions",
    "Mapped_Feature_ID": "F-037",
    "Status": "Active",
    "Created_Date": "2025-09-01",
    "Last_Activity_Date": "2025-11-05",
    "Notes": "",
    "Weighted_ARR": 1440.0,
    "Days_in_Stage": 3
  },
  {
    "Opportunity_ID": "OPP-007",
    "Opportunity_Name": "Large Bank Trade Processing Platform",
    "Account_Name": "[Confidential - Large US Bank]",
    "Stage": "Contract Negotiation",
    "ARR_Value": 2500000.0,
    "Close_Date": "2026-02-28",
    "Probability": 0.8,
    "Owner": "Steve Shillingford",
    "Agent_Type": "Trade Processing",
    "Mapped_Feature_ID": "F-040",
    "Status": "Active",
    "Created_Date": "2025-07-15",
    "Last_Activity_Date": "2025-11-06",
    "Notes": "",
    "Weighted_ARR": 20000.0,
    "Days_in_Stage": 2
  },
  {
    "Opportunity_ID": "OPP-008",
    "Opportunity_Name": "Vantage Bank Custom Reconciliation POC",
    "Account_Name": "Regional Banks - Vantage Bank",
    "Stage": "POC",
    "ARR_Value": 200000.0,
    "Close_Date": "2026-03-31",
    "Probability": 0.5,
    "Owner": "Armen Sargysan",
    "Agent_Type": "Core Reconciliation",
    "Mapped_Feature_ID": "F-038",
    "Status": "At Risk",
    "Created_Date": "2025-08-15",
    "Last_Activity_Date": "2025-10-30",
    "Notes": "Client tired of waiting, requires prepayment or binding contract",
    "Weighted_ARR": 1000.0,
    "Days_in_Stage": 9
  },
  {
    "Opportunity_ID": "OPP-009",
    "Opportunity_Name": "Insurance Company Loan Operations",
    "Account_Name": "[Prospect - Insurance Co A]",
    "Stage": "POC",
    "ARR_Value": 600000.0,
    "Close_Date": "2026-04-30",
    "Probability": 0.6,
    "Owner": "Armen Sargysan",
    "Agent_Type": "Loan Operations",
    "Mapped_Feature_ID": "F-045",
    "Status": "Active",
    "Created_Date": "2025-09-01",
    "Last_Activity_Date": "2025-11-04",
    "Notes": "",
    "Weighted_ARR": 3600.0,
    "Days_in_Stage": 4
  },
  {
    "Opportunity_ID": "OPP-010",
    "Opportunity_Name": "Asset Manager Email Automation",
    "Account_Name": "[Prospect - Asset Manager B]",
    "Stage": "POC",
    "ARR_Value": 400000.0,
    "Close_Date": "2026-03-31",
    "Probability": 0.6,
    "Owner": "Armen Sargysan",
    "Agent_Type": "Email Automation",
    "Mapped_Feature_ID": "F-039",
    "Status": "Active",
    "Created_Date": "2025-09-15",
    "Last_Activity_Date": "2025-11-03",
    "Notes": "",
    "Weighted_ARR": 2400.0,
    "Days_in_Stage": 5
  },
  {
    "Opportunity_ID": "OPP-011",
    "Opportunity_Name": "Regional Bank Consortium Platform",
    "Account_Name": "[Prospect - Regional Bank Consortium]",
    "Stage": "Proposal",
    "ARR_Value": 800000.0,
    "Close_Date": "2026-05-31",
    "Probability": 0.5,
    "Owner": "Steve Shillingford",
    "Agent_Type": "Platform (All Agents)",
    "Mapped_Feature_ID": "Multiple platform features",
    "Status": "Active",
    "Created_Date": "2025-09-01",
    "Last_Activity_Date": "2025-10-28",
    "Notes": "",
    "Weighted_ARR": 4000.0,
    "Days_in_Stage": 11
  },
  {
    "Opportunity_ID": "OPP-012",
    "Opportunity_Name": "Hedge Fund Trade Matching",
    "Account_Name": "[Prospect - Hedge Fund D]",
    "Stage": "Proposal",
    "ARR_Value": 350000.0,
    "Close_Date": "2026-04-30",
    "Probability": 0.5,
    "Owner": "Armen Sargysan",
    "Agent_Type": "Matching Engine",
    "Mapped_Feature_ID": "F-043",
    "Status": "Active",
    "Created_Date": "2025-10-01",
    "Last_Activity_Date": "2025-11-01",
    "Notes": "",
    "Weighted_ARR": 1750.0,
    "Days_in_Stage": 7
  },
  {
    "Opportunity_ID": "OPP-013",
    "Opportunity_Name": "Global Bank Security Settlements",
    "Account_Name": "[Prospect - Global Bank E]",
    "Stage": "Qualification",
    "ARR_Value": 1500000.0,
    "Close_Date": "2026-06-30",
    "Probability": 0.3,
    "Owner": "Steve Shillingford",
    "Agent_Type": "Security Settlements",
    "Mapped_Feature_ID": "F-041",
    "Status": "Active",
    "Created_Date": "2025-10-01",
    "Last_Activity_Date": "2025-11-02",
    "Notes": "",
    "Weighted_ARR": 4500.0,
    "Days_in_Stage": 6
  },
  {
    "Opportunity_ID": "OPP-014",
    "Opportunity_Name": "Investment Bank One View Platform",
    "Account_Name": "[Prospect - Investment Bank F]",
    "Stage": "Qualification",
    "ARR_Value": 900000.0,
    "Close_Date": "2026-07-31",
    "Probability": 0.3,
    "Owner": "Armen Sargysan",
    "Agent_Type": "One View",
    "Mapped_Feature_ID": "F-044",
    "Status": "Active",
    "Created_Date": "2025-10-15",
    "Last_Activity_Date": "2025-10-31",
    "Notes": "",
    "Weighted_ARR": 2700.0,
    "Days_in_Stage": 8
  },
  {
    "Opportunity_ID": "OPP-015",
    "Opportunity_Name": "European Bank Multi-Agent Exploration",
    "Account_Name": "[Prospect - European Bank G]",
    "Stage": "Introduction",
    "ARR_Value": 2000000.0,
    "Close_Date": "2026-09-30",
    "Probability": 0.1,
    "Owner": "Steve Shillingford",
    "Agent_Type": "Platform (All Agents)",
    "Mapped_Feature_ID": "Multiple platform features",
    "Status": "Early Stage",
    "Created_Date": "2025-10-20",
    "Last_Activity_Date": "2025-10-25",
    "Notes": "",
    "Weighted_ARR": 2000.0,
    "Days_in_Stage": 14
  },
  {
    "Opportunity_ID": "OPP-016",
    "Opportunity_Name": "Pension Fund DeepPilot Discussion",
    "Account_Name": "[Prospect - Pension Fund H]",
    "Stage": "Introduction",
    "ARR_Value": 500000.0,
    "Close_Date": "2026-08-31",
    "Probability": 0.1,
    "Owner": "Armen Sargysan",
    "Agent_Type": "DeepPilot",
    "Mapped_Feature_ID": "F-047",
    "Status": "Early Stage",
    "Created_Date": "2025-10-25",
    "Last_Activity_Date": "2025-10-28",
    "Notes": "",
    "Weighted_ARR": 500.0,
    "Days_in_Stage": 11
  }
]